angry,disgust,fearful,happy,neutral,sad,predicted,second_best,emotion,correct,second_best_correct,at_least_one_correct,probability_difference
-1.0,-1.0,-1.0,1.0,-1.0,-1.0,happy,sad,happy,True,False,True,2.0
0.42979999999999996,-0.999659996599966,-0.9771,-0.45306,-1.0,-1.0,angry,happy,angry,True,False,True,0.88286
-0.74966,-1.0,-0.99392,0.74352,-0.99996,-0.99998,happy,angry,happy,True,False,True,1.49318
-0.99818,-0.998159981599816,-0.99398,-0.99946,0.9897800000000001,-1.0,neutral,fearful,neutral,True,False,True,1.9837600000000002
-0.025699999999999945,-0.998519985199852,0.02404000000000006,-0.99986,-0.99996,-1.0,fearful,angry,fearful,True,False,True,0.049740000000000006
-0.95978,-1.0,-0.9999,0.9593,-0.99964,-1.0,happy,angry,happy,True,False,True,1.9190800000000001
-0.99736,-0.7235172351723518,-1.0,-0.9995,0.6830799999999999,-0.9627,neutral,disgust,neutral,True,False,True,1.4065972351723517
-1.0,-1.0,0.99994,-1.0,-1.0,-0.99994,fearful,sad,fearful,True,False,True,1.99988
-0.9998,-0.9976799767997679,0.09505999999999992,-0.99978,-0.36451999999999996,-0.7332799999999999,fearful,neutral,sad,False,False,False,0.4595799999999999
-0.99786,-0.999119991199912,-0.52712,0.5233399999999999,-0.9994,-0.99984,happy,fearful,fearful,False,True,True,1.05046
0.98326,-0.99969999699997,-0.99908,-0.9845,-1.0,-1.0,angry,happy,angry,True,False,True,1.9677600000000002
-1.0,-0.925219252192522,-0.99772,-1.0,-1.0,0.9229400000000001,sad,disgust,sad,True,False,True,1.848159252192522
-0.99208,-0.6310163101631017,-0.99148,-0.99524,0.5703800000000001,-0.96056,neutral,disgust,neutral,True,False,True,1.2013963101631018
-0.79606,0.6099160991609918,-0.99632,-0.81784,-0.9997,-0.99998,disgust,angry,angry,False,True,True,1.4059760991609918
0.95106,-0.960039600396004,-0.9963,-0.99568,-0.99996,-0.99908,angry,disgust,angry,True,False,True,1.9110996003960041
0.7988,-0.8986589865898659,-0.98104,-0.99936,-0.9229,-0.99684,angry,disgust,sad,False,False,False,1.697458986589866
0.9987999999999999,-1.0,-0.99976,-0.99904,-1.0,-1.0,angry,happy,angry,True,False,True,1.99784
0.9998800000000001,-1.0,-1.0,-0.99988,-1.0,-1.0,angry,happy,angry,True,False,True,1.9997600000000002
0.99444,-0.99949999499995,-0.99998,-0.99496,-1.0,-1.0,angry,happy,angry,True,False,True,1.9893999999999998
-0.98562,-0.993379933799338,0.46208000000000005,-0.48478,-0.999,-0.99932,fearful,happy,fearful,True,False,True,0.94686
0.9955799999999999,-1.0,-0.99996,-0.99562,-1.0,-1.0,angry,happy,angry,True,False,True,1.9911999999999999
-0.99778,0.9977599775997761,-1.0,-0.99996,-1.0,-1.0,disgust,angry,disgust,True,False,True,1.9955399775997762
-0.99998,-0.998179981799818,-0.9999,-0.99978,-0.23204000000000002,0.22988000000000008,sad,neutral,sad,True,False,True,0.4619200000000001
0.9997400000000001,-1.0,-1.0,-0.99986,-0.9999,-1.0,angry,happy,happy,False,True,True,1.9996
-0.8727199999999999,0.8726987269872697,-1.0,-0.99998,-1.0,-1.0,disgust,angry,disgust,True,False,True,1.7454187269872696
-1.0,-0.997079970799708,-0.99824,-1.0,0.9804200000000001,-0.98512,neutral,sad,neutral,True,False,True,1.96554
-0.99742,0.3859538595385952,-1.0,-0.46186000000000005,-0.9353,-0.99138,disgust,happy,disgust,True,False,True,0.8478138595385952
-0.99952,0.9177791777917776,-0.99996,-1.0,-1.0,-0.91828,disgust,sad,sad,False,True,True,1.8360591777917776
-0.99838,0.9768397683976839,-0.97882,-0.99998,-1.0,-0.99964,disgust,fearful,disgust,True,False,True,1.955659768397684
0.9918199999999999,-0.999559995599956,-0.99994,-0.99756,-0.9989,-0.99586,angry,sad,sad,False,True,True,1.98768
-0.99998,-0.982639826398264,-0.98862,-0.99998,0.97116,-0.99994,neutral,disgust,disgust,False,True,True,1.953799826398264
-1.0,-1.0,-1.0,0.9999800000000001,-1.0,-0.99998,happy,sad,happy,True,False,True,1.9999600000000002
0.97946,-0.980659806598066,-0.99994,-0.99982,-0.99972,-0.99932,angry,disgust,disgust,False,True,True,1.9601198065980658
-0.95884,-0.99989999899999,0.4732799999999999,-0.52244,-1.0,-0.99212,fearful,happy,fearful,True,False,True,0.9957199999999999
-0.95342,0.6725167251672517,-0.99904,-0.94884,-0.9962,-0.775,disgust,sad,angry,False,False,False,1.4475167251672518
0.71852,-0.998239982399824,-0.99872,-0.72156,-1.0,-1.0,angry,happy,happy,False,True,True,1.44008
-1.0,-0.987419874198742,-0.99988,-0.9997,0.13013999999999992,-0.14314000000000004,neutral,sad,sad,False,True,True,0.27327999999999997
-0.98664,-0.997759977599776,0.40105999999999997,-0.9608,-0.97652,-0.47936,fearful,sad,fearful,True,False,True,0.88042
-1.0,-1.0,0.99994,-1.0,-1.0,-0.99996,fearful,sad,fearful,True,False,True,1.9999
-1.0,-1.0,-0.99996,-0.9646399999999999,0.9645999999999999,-1.0,neutral,happy,neutral,True,False,True,1.9292399999999998
-0.99998,-0.987419874198742,-0.99998,-0.8316600000000001,-0.41444000000000003,0.2334799999999999,sad,neutral,neutral,False,True,True,0.6479199999999999
0.86418,-0.999979999799998,-0.99354,-0.88458,-0.9861,-0.99996,angry,happy,angry,True,False,True,1.7487599999999999
-0.86568,0.2326123261232611,-0.99998,-0.9667,-1.0,-0.40024000000000004,disgust,sad,disgust,True,False,True,0.6328523261232611
-1.0,-0.985739857398574,-0.5557799999999999,-0.92074,-0.9614,0.4236599999999999,sad,fearful,disgust,False,False,False,0.9794399999999999
0.9977400000000001,-1.0,-0.99818,-1.0,-0.99956,-1.0,angry,fearful,angry,True,False,True,1.99592
-0.99978,-1.0,-1.0,0.9997799999999999,-1.0,-1.0,happy,angry,happy,True,False,True,1.9995599999999998
1.0,-1.0,-1.0,-1.0,-1.0,-1.0,angry,sad,angry,True,False,True,2.0
-1.0,-0.992679926799268,0.45232000000000006,-0.95272,-0.99938,-0.50754,fearful,sad,fearful,True,False,True,0.95986
0.9932799999999999,-0.999159991599916,-0.9942,-0.99994,-0.99998,-1.0,angry,fearful,angry,True,False,True,1.98748
-1.0,-0.999879998799988,-1.0,-1.0,-1.0,0.99986,sad,disgust,sad,True,False,True,1.999739998799988
-1.0,-0.8360383603836039,-0.9863,-0.99244,-0.99972,0.8144800000000001,sad,disgust,fearful,False,False,False,1.650518360383604
0.2559199999999999,-0.99989999899999,-0.7015199999999999,-0.56328,-0.99998,-0.99122,angry,happy,happy,False,True,True,0.8191999999999999
0.9995799999999999,-0.999839998399984,-1.0,-1.0,-1.0,-0.99974,angry,sad,angry,True,False,True,1.99932
-0.99966,-0.999839998399984,-0.98056,-0.997,-0.96042,0.9374800000000001,sad,neutral,neutral,False,True,True,1.8979000000000001
-0.99884,-1.0,0.9911399999999999,-0.99238,-0.99994,-0.99998,fearful,happy,fearful,True,False,True,1.98352
-1.0,-0.999979999799998,-1.0,-0.99996,0.99994,-1.0,neutral,happy,neutral,True,False,True,1.9999
-0.98612,-0.7215172151721517,-0.99262,-0.99894,-0.4364,0.13559999999999994,sad,neutral,neutral,False,True,True,0.572
-1.0,-0.999879998799988,-0.99412,-0.99998,-0.99982,0.9938,sad,fearful,sad,True,False,True,1.98792
-0.99988,-1.0,0.5600400000000001,-0.99982,-0.56514,-0.99522,fearful,neutral,sad,False,False,False,1.12518
-0.99144,-0.34113341133411335,-0.42354,-0.29913999999999996,-1.0,-0.94478,happy,disgust,happy,True,False,True,0.041993411334113384
-1.0,-1.0,-0.99994,0.9999199999999999,-1.0,-1.0,happy,fearful,happy,True,False,True,1.99986
-0.99998,-0.999059990599906,-1.0,-1.0,0.9990600000000001,-1.0,neutral,disgust,neutral,True,False,True,1.998119990599906
-0.99978,-1.0,0.9997400000000001,-0.99998,-1.0,-0.99998,fearful,angry,fearful,True,False,True,1.99952
0.17808000000000002,-0.999459994599946,-0.98042,-0.20733999999999997,-0.99114,-0.99972,angry,happy,happy,False,True,True,0.38542
-0.99998,-0.27563275632756334,-0.99994,-0.99976,-0.59846,-0.12622,sad,disgust,neutral,False,False,False,0.14941275632756335
-1.0,-0.989619896198962,-0.99808,-0.9999,-0.78106,0.7686599999999999,sad,neutral,happy,False,False,False,1.5497199999999998
-0.77994,-0.939759397593976,-0.99712,-0.99914,-0.96214,0.6780999999999999,sad,angry,fearful,False,False,False,1.45804
-0.999,-0.7299772997729977,-0.93124,-0.99804,-1.0,0.6582600000000001,sad,disgust,disgust,False,True,True,1.3882372997729977
-0.9996,-0.999979999799998,-0.99924,0.99804,-0.99998,-0.99924,happy,sad,happy,True,False,True,1.99728
-0.99994,-1.0,-0.99826,0.9982,-1.0,-1.0,happy,fearful,happy,True,False,True,1.99646
0.3741000000000001,-0.998839988399884,-0.99774,-0.38160000000000005,-0.9979,-0.99802,angry,happy,angry,True,False,True,0.7557000000000001
-1.0,-0.999959999599996,-1.0,-1.0,-0.94402,0.94398,sad,neutral,neutral,False,True,True,1.888
-0.99788,-0.999879998799988,-0.99976,0.9970000000000001,-0.9995,-0.99996,happy,angry,happy,True,False,True,1.9948800000000002
-1.0,-0.993159931599316,-0.99362,-0.99976,-0.90816,0.8946799999999999,sad,neutral,fearful,False,False,False,1.8028399999999998
-1.0,-0.999979999799998,0.95384,-1.0,-0.98906,-0.96482,fearful,sad,fearful,True,False,True,1.91866
-0.9997,-0.99959999599996,0.99916,-0.9999,-0.99996,-1.0,fearful,disgust,fearful,True,False,True,1.99875999599996
-0.7357400000000001,-0.995219952199522,-0.99704,-0.97326,0.7010799999999999,-0.99984,neutral,angry,neutral,True,False,True,1.43682
-0.99996,-0.991739917399174,-0.9989,-0.99998,-0.99922,0.9898,sad,disgust,fearful,False,False,False,1.9815399173991741
0.9995400000000001,-0.999919999199992,-0.99994,-0.99968,-1.0,-1.0,angry,happy,angry,True,False,True,1.9992200000000002
-0.9999,0.8004580045800458,-0.92314,-0.91866,-1.0,-0.95874,disgust,happy,disgust,True,False,True,1.7191180045800458
0.9997400000000001,-1.0,-0.99974,-1.0,-1.0,-1.0,angry,fearful,angry,True,False,True,1.9994800000000001
-0.99976,-0.999839998399984,0.2259199999999999,-0.66666,-1.0,-0.55968,fearful,sad,happy,False,False,False,0.7855999999999999
-0.89346,-0.8873588735887359,0.11612,-0.33542000000000005,-1.0,-0.9999,fearful,happy,disgust,False,False,False,0.45154000000000005
-0.99988,-0.8247982479824798,-0.99562,-0.59064,-0.99352,0.40446000000000004,sad,happy,sad,True,False,True,0.9951000000000001
-1.0,-1.0,-1.0,-1.0,1.0,-1.0,neutral,sad,neutral,True,False,True,2.0
-0.9035,-0.8783187831878319,-0.99628,-0.99986,0.5400400000000001,-0.76208,neutral,sad,disgust,False,False,False,1.30212
0.99996,-1.0,-0.99998,-0.99998,-1.0,-1.0,angry,happy,angry,True,False,True,1.99994
-0.9996,-1.0,-0.99982,-1.0,0.99844,-0.99902,neutral,sad,neutral,True,False,True,1.99746
0.9748399999999999,-0.981039810398104,-0.99924,-0.99934,-1.0,-0.99522,angry,disgust,angry,True,False,True,1.9558798103981039
-0.97928,0.31313313133131326,-0.98682,-0.98602,-0.7732,-0.5878,disgust,sad,disgust,True,False,True,0.9009331313313133
-1.0,-0.999919999199992,-1.0,-1.0,-0.9505,0.95042,sad,neutral,sad,True,False,True,1.9009200000000002
-1.0,-0.996579965799658,-1.0,-1.0,-0.42876000000000003,0.42534000000000005,sad,neutral,neutral,False,True,True,0.8541000000000001
-0.99996,-0.9894198941989419,-0.96336,-0.99592,0.18467999999999996,-0.23604000000000003,neutral,sad,angry,False,False,False,0.42072
-0.99994,-0.98519985199852,-0.99986,-1.0,0.9726999999999999,-0.9877,neutral,disgust,neutral,True,False,True,1.95789985199852
-0.99998,-0.999959999599996,-0.99824,-0.41738,-0.99932,0.4148799999999999,sad,happy,happy,False,True,True,0.8322599999999999
-0.7044,-0.7805778057780578,-0.9806,0.46526,-1.0,-0.99968,happy,angry,happy,True,False,True,1.16966
-0.99998,0.9999599995999959,-1.0,-1.0,-1.0,-0.99996,disgust,sad,disgust,True,False,True,1.999919999599996
-0.99648,-0.8050380503805038,-0.9981,0.7991999999999999,-1.0,-0.99958,happy,disgust,happy,True,False,True,1.6042380503805038
-0.994,-0.999819998199982,0.5549,-0.5613600000000001,-1.0,-0.99972,fearful,happy,happy,False,True,True,1.11626
-1.0,-1.0,-1.0,0.9997,-1.0,-0.9997,happy,sad,happy,True,False,True,1.9994
-0.99964,-0.9851598515985159,0.25698,-0.99766,-0.99976,-0.27478,fearful,sad,disgust,False,False,False,0.53176
-1.0,-0.999959999599996,-1.0,-1.0,0.99996,-1.0,neutral,disgust,neutral,True,False,True,1.999919999599996
0.88106,-0.991939919399194,-0.9867,-0.91806,-1.0,-0.98434,angry,happy,angry,True,False,True,1.7991199999999998
-0.47102,-0.999979999799998,0.46741999999999995,-0.99648,-0.99992,-1.0,fearful,angry,fearful,True,False,True,0.9384399999999999
-0.99992,-0.9222992229922299,-1.0,-1.0,0.92214,-0.99992,neutral,disgust,neutral,True,False,True,1.84443922299223
0.7662800000000001,-0.996639966399664,-0.99788,-0.89356,-0.93294,-0.94526,angry,happy,happy,False,True,True,1.65984
-0.97664,-0.999879998799988,0.7024600000000001,-0.76896,-0.95788,-0.99908,fearful,happy,happy,False,True,True,1.4714200000000002
0.9519,-0.999959999599996,-0.98474,-0.9672,-1.0,-1.0,angry,happy,angry,True,False,True,1.9190999999999998
-0.99308,-0.99959999599996,0.7535000000000001,-0.98884,-0.9987,-0.77328,fearful,sad,fearful,True,False,True,1.52678
0.99308,-0.999859998599986,-0.99998,-0.99326,-1.0,-1.0,angry,happy,angry,True,False,True,1.98634
-1.0,-0.999819998199982,-0.99996,-0.99496,0.99474,-1.0,neutral,happy,neutral,True,False,True,1.9897
-0.99932,-1.0,-0.99986,0.9986200000000001,-0.99944,-1.0,happy,angry,happy,True,False,True,1.99794
-0.38195999999999997,-0.9843998439984399,-0.68608,0.0048799999999999955,-0.95246,-1.0,happy,angry,angry,False,True,True,0.38683999999999996
-0.46909999999999996,-0.940659406594066,-0.9986,0.40652,-0.99844,-0.99974,happy,angry,sad,False,False,False,0.87562
0.9998199999999999,-0.999919999199992,-0.99998,-0.99996,-1.0,-0.99994,angry,disgust,angry,True,False,True,1.999739999199992
-1.0,-1.0,-1.0,-1.0,0.9815,-0.9815,neutral,sad,sad,False,True,True,1.963
-0.99982,-0.993379933799338,0.98922,-0.99998,-1.0,-0.99606,fearful,disgust,fearful,True,False,True,1.9825999337993379
-1.0,-0.999979999799998,0.97506,-0.9983,-1.0,-0.97678,fearful,sad,fearful,True,False,True,1.95184
-1.0,1.0,-1.0,-1.0,-1.0,-0.99998,disgust,sad,disgust,True,False,True,1.9999799999999999
0.9690399999999999,-0.999739997399974,-0.9999,-0.96942,-1.0,-1.0,angry,happy,angry,True,False,True,1.9384599999999998
-0.9115,-0.997859978599786,-0.64052,-0.7189,-1.0,0.26878,sad,fearful,sad,True,False,True,0.9093
-1.0,-1.0,-0.99878,-0.98932,0.94916,-0.96106,neutral,sad,neutral,True,False,True,1.91022
-0.9998,0.9440194401944018,-0.99996,-1.0,-0.99998,-0.94426,disgust,sad,disgust,True,False,True,1.8882794401944016
-1.0,-0.999639996399964,-0.9999,-1.0,-0.99998,0.99952,sad,disgust,sad,True,False,True,1.999159996399964
-0.9998,-0.998139981399814,0.9875,-0.9904,-1.0,-0.99916,fearful,happy,fearful,True,False,True,1.9779
-1.0,-1.0,-0.9998,-0.99756,-1.0,0.99736,sad,happy,sad,True,False,True,1.99492
0.99,-0.999539995399954,-0.99928,-0.99556,-0.99564,-0.99998,angry,happy,angry,True,False,True,1.98556
-0.89498,0.05565055650556494,-0.7137,-0.46474000000000004,-0.9845,-0.99772,disgust,happy,angry,False,False,False,0.520390556505565
-0.92084,0.006890068900688995,-0.9856,-0.95036,-0.16093999999999997,-0.98914,disgust,neutral,neutral,False,True,True,0.16783006890068897
0.74274,-0.7427574275742757,-1.0,-1.0,-0.99998,-1.0,angry,disgust,disgust,False,True,True,1.4854974275742756
-0.99998,-0.978219782197822,-0.99796,-0.99826,-0.18644000000000005,0.16086,sad,neutral,neutral,False,True,True,0.34730000000000005
-0.99998,0.9992999929999298,-1.0,-1.0,-1.0,-0.99928,disgust,sad,disgust,True,False,True,1.9985799929999297
0.4451400000000001,-0.7569975699756998,-0.68998,-0.9999,-1.0,-0.99826,angry,fearful,happy,False,False,False,1.1351200000000001
-1.0,-0.999959999599996,-0.99978,-1.0,-0.97866,0.9783999999999999,sad,neutral,neutral,False,True,True,1.9570599999999998
-0.17256000000000005,-0.998279982799828,-0.9906,0.15799999999999992,-0.99656,-1.0,happy,angry,angry,False,True,True,0.33055999999999996
-0.99996,-0.976859768597686,-0.83136,0.44672,-0.99996,-0.6385799999999999,happy,sad,sad,False,True,True,1.0853
-0.99998,-0.99529995299953,0.9880800000000001,-0.9939,-0.99998,-0.99894,fearful,happy,disgust,False,False,False,1.98198
-0.99994,-0.999859998599986,-1.0,-1.0,0.9997799999999999,-1.0,neutral,disgust,neutral,True,False,True,1.999639998599986
-0.99996,0.8252382523825239,-0.9999,-1.0,-0.985,-0.84038,disgust,sad,sad,False,True,True,1.665618252382524
-0.99998,-0.999939999399994,-1.0,-1.0,0.9999199999999999,-1.0,neutral,disgust,neutral,True,False,True,1.999859999399994
-0.98934,-0.999679996799968,0.5371999999999999,-0.9975,-0.67216,-0.87854,fearful,neutral,fearful,True,False,True,1.2093599999999998
-0.96964,-0.99239992399924,0.8635999999999999,-0.9465,-0.95506,-1.0,fearful,happy,fearful,True,False,True,1.8100999999999998
-1.0,-0.999259992599926,-0.99996,-1.0,0.9552400000000001,-0.95602,neutral,sad,neutral,True,False,True,1.91126
-0.99984,-0.999879998799988,-0.77948,0.7644200000000001,-1.0,-0.98522,happy,fearful,happy,True,False,True,1.5439
0.996,-1.0,-0.99998,-0.99602,-1.0,-1.0,angry,happy,angry,True,False,True,1.9920200000000001
-1.0,0.6780767807678076,-0.9988,-1.0,-0.974,-0.70526,disgust,sad,sad,False,True,True,1.3833367807678076
0.93082,-0.9422794227942279,-0.99998,-0.99978,-0.99934,-0.98942,angry,disgust,angry,True,False,True,1.873099422794228
-1.0,-0.998859988599886,-0.99976,-1.0,-0.99868,0.9973000000000001,sad,neutral,sad,True,False,True,1.99598
-1.0,-0.99949999499995,-0.99898,-0.99998,-1.0,0.9984599999999999,sad,fearful,sad,True,False,True,1.9974399999999999
-0.9991,-0.998879988799888,0.061739999999999906,-0.06876000000000004,-0.9955,-0.9995,fearful,happy,fearful,True,False,True,0.13049999999999995
-0.99996,-0.994479944799448,-0.9999,-1.0,0.9235,-0.92916,neutral,sad,neutral,True,False,True,1.85266
-1.0,-0.999739997399974,-1.0,-1.0,-1.0,0.9997400000000001,sad,disgust,sad,True,False,True,1.9994799973999742
0.95888,-1.0,-0.96558,-0.99332,-0.99998,-1.0,angry,fearful,happy,False,False,False,1.9244599999999998
-0.99972,0.9997399973999739,-1.0,-1.0,-1.0,-1.0,disgust,angry,disgust,True,False,True,1.999459997399974
-1.0,0.9506995069950699,-0.99996,-1.0,-0.99882,-0.9519,disgust,sad,disgust,True,False,True,1.9025995069950699
-0.98674,-0.997619976199762,-0.99708,-0.74838,-0.99338,0.7231799999999999,sad,happy,sad,True,False,True,1.47156
-0.99868,0.3034930349303493,-0.99716,-0.99758,-0.86714,-0.44289999999999996,disgust,sad,disgust,True,False,True,0.7463930349303493
-0.88756,-0.5784557845578455,-0.41676,-0.93642,-0.19669999999999999,-0.9841,neutral,fearful,fearful,False,True,True,0.22006000000000003
-1.0,0.9998999989999899,-0.99996,-1.0,-1.0,-0.9999,disgust,sad,sad,False,True,True,1.99979999899999
0.8900399999999999,-1.0,-0.9972,-0.89286,-1.0,-1.0,angry,happy,angry,True,False,True,1.7829
-0.9858,-1.0,-0.99876,-0.31452,0.29810000000000003,-0.99904,neutral,happy,happy,False,True,True,0.61262
-0.99986,-0.8865188651886519,-0.98518,-0.99994,-0.7254,0.5969,sad,neutral,sad,True,False,True,1.3223
-0.99852,-0.999859998599986,-0.32133999999999996,-0.99998,0.3188599999999999,-0.99916,neutral,fearful,fearful,False,True,True,0.6401999999999999
-0.99998,-0.97369973699737,-0.99998,-1.0,0.97238,-0.9987,neutral,disgust,neutral,True,False,True,1.94607973699737
-1.0,-1.0,-1.0,-1.0,1.0,-1.0,neutral,sad,neutral,True,False,True,2.0
-0.9975,-0.999979999799998,-0.97968,0.9770000000000001,-0.99988,-0.99996,happy,fearful,happy,True,False,True,1.95668
-1.0,0.9955999559995599,-0.99996,-0.9999,-1.0,-0.99572,disgust,sad,disgust,True,False,True,1.9913199559995598
0.99844,-0.999939999399994,-1.0,-0.9985,-1.0,-1.0,angry,happy,angry,True,False,True,1.99694
-1.0,-1.0,1.0,-1.0,-1.0,-1.0,fearful,sad,fearful,True,False,True,2.0
-0.98988,-0.992139921399214,0.849,-0.9989,-1.0,-0.86808,fearful,sad,fearful,True,False,True,1.71708
-1.0,-0.999479994799948,-0.99998,-0.9999,0.9797800000000001,-0.98042,neutral,sad,neutral,True,False,True,1.9602
-0.99998,-0.999739997399974,-0.99412,0.049919999999999964,-0.96156,-0.09452000000000005,happy,sad,happy,True,False,True,0.14444
-0.99994,-0.999619996199962,0.99942,-0.99996,-0.99992,-1.0,fearful,disgust,fearful,True,False,True,1.9990399961999619
-0.99726,-0.9094190941909419,-0.99956,-0.64188,0.39632,-0.8482000000000001,neutral,happy,neutral,True,False,True,1.0382
-0.99992,-0.9328993289932899,-0.98836,-0.99608,0.18355999999999995,-0.2663,neutral,sad,sad,False,True,True,0.4498599999999999
-1.0,-1.0,0.9999800000000001,-0.99998,-1.0,-1.0,fearful,happy,fearful,True,False,True,1.9999600000000002
-1.0,-1.0,-1.0,-1.0,-0.99874,0.99872,sad,neutral,sad,True,False,True,1.99746
-0.9992,-0.999719997199972,-0.99496,0.9938199999999999,-1.0,-0.99996,happy,fearful,fearful,False,True,True,1.9887799999999998
-0.9675,0.9029990299902997,-0.99142,-0.94412,-0.99994,-1.0,disgust,happy,disgust,True,False,True,1.8471190299902998
-1.0,-0.6440964409644097,-0.99898,-1.0,0.64076,-0.9977,neutral,disgust,neutral,True,False,True,1.2848564409644097
-0.99988,-0.999979999799998,0.9977,-0.99884,-1.0,-0.99902,fearful,happy,fearful,True,False,True,1.99654
-0.99984,-0.983839838398384,-0.99992,-1.0,-1.0,0.9835799999999999,sad,disgust,sad,True,False,True,1.9674198383983839
-1.0,-0.9739197391973919,-1.0,-0.99916,-0.99996,0.9730399999999999,sad,disgust,sad,True,False,True,1.9469597391973918
-1.0,-0.999979999799998,0.8885400000000001,-0.89388,-0.99998,-0.99468,fearful,happy,fearful,True,False,True,1.7824200000000001
0.9735,-0.98069980699807,-0.99688,-0.99642,-1.0,-0.99952,angry,disgust,angry,True,False,True,1.9541998069980702
-0.43806,-0.995859958599586,0.4333199999999999,-0.99948,-0.99992,-1.0,fearful,angry,angry,False,True,True,0.8713799999999999
0.9999800000000001,-1.0,-1.0,-0.99998,-1.0,-1.0,angry,happy,angry,True,False,True,1.9999600000000002
-0.99998,-0.999919999199992,-0.99974,0.9965200000000001,-1.0,-0.9969,happy,sad,sad,False,True,True,1.99342
-1.0,-0.9418194181941819,-0.9997,-0.98048,-1.0,0.92198,sad,disgust,sad,True,False,True,1.863799418194182
-1.0,1.0,-1.0,-1.0,-1.0,-0.99998,disgust,sad,disgust,True,False,True,1.9999799999999999
-0.99944,-0.977639776397764,-0.99924,0.9732400000000001,-0.99942,-0.99752,happy,disgust,happy,True,False,True,1.950879776397764
-0.99996,-1.0,-1.0,0.99918,-0.99924,-0.99998,happy,neutral,happy,True,False,True,1.9984199999999999
-0.99998,-0.999619996199962,-1.0,-1.0,-1.0,0.9996,sad,disgust,sad,True,False,True,1.9992199961999622
-1.0,-0.999739997399974,-1.0,-1.0,0.9997199999999999,-0.99998,neutral,disgust,neutral,True,False,True,1.999459997399974
-1.0,-0.983159831598316,-1.0,-1.0,-0.99796,0.98112,sad,disgust,neutral,False,False,False,1.9642798315983159
-0.98428,-1.0,-0.96228,0.9414199999999999,-0.9985,-0.99636,happy,fearful,happy,True,False,True,1.9037
-0.99956,-0.999979999799998,-1.0,-1.0,0.99952,-1.0,neutral,angry,neutral,True,False,True,1.99908
-0.9944,0.9443394433944339,-0.97322,-0.97794,-0.99996,-0.9988,disgust,fearful,disgust,True,False,True,1.9175594433944338
-0.99988,-0.999919999199992,-0.99872,-0.89358,-0.99776,0.88984,sad,happy,sad,True,False,True,1.78342
-1.0,-0.999859998599986,-1.0,-1.0,-0.99986,0.9997199999999999,sad,disgust,sad,True,False,True,1.999579998599986
-1.0,-0.999559995599956,-0.6226400000000001,0.62128,-1.0,-0.99908,happy,fearful,happy,True,False,True,1.2439200000000001
-0.95894,0.952839528395284,-0.99994,-0.99402,-1.0,-0.99992,disgust,angry,disgust,True,False,True,1.911779528395284
-0.9998,-0.99989999899999,0.9847999999999999,-1.0,-1.0,-0.9851,fearful,sad,fearful,True,False,True,1.9699
-1.0,-0.958559585595856,-0.9929,-1.0,-0.9986,0.9500599999999999,sad,disgust,sad,True,False,True,1.9086195855958559
-0.7218,-0.6503365033650337,-0.92372,-0.65132,-0.8912599999999999,-0.16154000000000002,sad,disgust,fearful,False,False,False,0.48879650336503366
-0.80976,-0.28865288652886534,-0.94258,-0.03720000000000001,-0.92294,-0.99886,happy,disgust,fearful,False,False,False,0.2514528865288653
-0.9999,-0.999959999599996,-0.9965,-1.0,0.9945200000000001,-0.99816,neutral,fearful,disgust,False,False,False,1.9910200000000002
-1.0,0.6265962659626594,-0.99994,-1.0,-0.99734,-0.6293,disgust,sad,sad,False,True,True,1.2558962659626594
-1.0,-1.0,-1.0,-1.0,-1.0,1.0,sad,neutral,sad,True,False,True,2.0
-0.99986,-0.99959999599996,-0.99836,-0.99992,0.9709000000000001,-0.97318,neutral,sad,disgust,False,False,False,1.94408
-0.99986,0.193291932919329,-0.95298,-0.99984,-0.69018,-0.5504,disgust,sad,disgust,True,False,True,0.743691932919329
-1.0,-0.999959999599996,-0.9989,-0.99834,0.5098800000000001,-0.5126999999999999,neutral,sad,neutral,True,False,True,1.02258
-1.0,-0.99979999799998,-0.99996,-1.0,0.9967600000000001,-0.99702,neutral,sad,neutral,True,False,True,1.99378
-0.9999,-0.96179961799618,-0.97728,-1.0,-0.99906,0.93804,sad,disgust,sad,True,False,True,1.89983961799618
0.67076,-0.967659676596766,-0.98418,-0.94496,-0.99996,-0.774,angry,sad,angry,True,False,True,1.44476
0.7472000000000001,-0.8360383603836039,-0.99958,-0.99174,-0.92,-0.99984,angry,disgust,angry,True,False,True,1.583238360383604
-0.99998,-1.0,-1.0,0.9999800000000001,-1.0,-1.0,happy,angry,happy,True,False,True,1.9999600000000002
-0.99998,-0.998059980599806,0.9938800000000001,-0.99622,-0.99998,-0.99964,fearful,happy,fearful,True,False,True,1.9901
-0.62458,-1.0,0.62052,-0.99594,-1.0,-1.0,fearful,angry,fearful,True,False,True,1.2450999999999999
0.9776800000000001,-0.999939999399994,-0.98226,-0.99574,-0.99986,-0.99988,angry,fearful,angry,True,False,True,1.95994
0.9999800000000001,-1.0,-1.0,-1.0,-1.0,-1.0,angry,sad,happy,False,False,False,1.99998
-1.0,-0.996259962599626,-0.9994,-1.0,0.99248,-0.99682,neutral,disgust,neutral,True,False,True,1.988739962599626
-0.9998,-0.999979999799998,0.99946,-0.99994,-1.0,-0.99972,fearful,sad,fearful,True,False,True,1.99918
-0.99992,0.36725367253672525,-1.0,-0.99994,-0.9992,-0.36817999999999995,disgust,sad,disgust,True,False,True,0.7354336725367252
-1.0,-0.997359973599736,-0.99244,-1.0,-0.99952,0.98932,sad,fearful,sad,True,False,True,1.98176
-0.98262,-0.999839998399984,0.9799199999999999,-0.99992,-1.0,-0.99752,fearful,angry,fearful,True,False,True,1.96254
-0.98494,-0.99949999499995,-0.98166,0.9660200000000001,-1.0,-0.99994,happy,fearful,happy,True,False,True,1.94768
0.99936,-0.999939999399994,-0.99974,-0.99968,-1.0,-1.0,angry,happy,angry,True,False,True,1.99904
-0.99998,-0.994979949799498,-0.9979,-0.99904,-0.30256000000000005,0.2944800000000001,sad,neutral,sad,True,False,True,0.5970400000000001
-1.0,-0.999959999599996,0.99126,-1.0,-0.9998,-0.9915,fearful,sad,fearful,True,False,True,1.98276
-1.0,-0.4986349863498635,-0.98456,-0.99998,-0.9759,0.45907999999999993,sad,disgust,sad,True,False,True,0.9577149863498634
-1.0,-1.0,-1.0,-1.0,1.0,-1.0,neutral,sad,neutral,True,False,True,2.0
0.9999800000000001,-1.0,-1.0,-0.99998,-1.0,-1.0,angry,happy,angry,True,False,True,1.9999600000000002
-0.88102,-0.9077390773907739,-0.99982,0.50858,-0.72014,-0.99986,happy,neutral,neutral,False,True,True,1.22872
0.9988999999999999,-0.999159991599916,-0.99998,-0.99978,-0.99998,-1.0,angry,disgust,angry,True,False,True,1.998059991599916
-0.9997,0.8109781097810977,-1.0,-0.9999,-0.8656200000000001,-0.94574,disgust,neutral,neutral,False,True,True,1.6765981097810978
-0.99998,-0.999539995399954,-1.0,-1.0,0.9197,-0.9202,neutral,sad,neutral,True,False,True,1.8399
0.5128600000000001,-0.999639996399964,-0.66862,-0.903,-0.94162,-0.99998,angry,fearful,happy,False,False,False,1.18148
-0.99998,-0.9701597015970159,-0.8703799999999999,-0.9986,-0.928,0.7671399999999999,sad,fearful,sad,True,False,True,1.6375199999999999
-0.99996,-0.978559785597856,-0.9998,-0.99996,0.97614,-0.99788,neutral,disgust,neutral,True,False,True,1.9546997855978558
-1.0,-0.99989999899999,-0.99986,-1.0,-0.9982,0.99796,sad,neutral,sad,True,False,True,1.99616
-0.99996,-0.990679906799068,0.9904999999999999,-1.0,-1.0,-0.99986,fearful,disgust,fearful,True,False,True,1.9811799067990679
-1.0,-0.999639996399964,-0.99382,-1.0,-0.99876,0.99224,sad,fearful,sad,True,False,True,1.9860600000000002
-1.0,-0.9880198801988019,0.5321800000000001,-1.0,-0.75724,-0.7869200000000001,fearful,neutral,disgust,False,False,False,1.2894200000000002
-1.0,-0.991279912799128,-0.9812,-0.93518,-0.97914,0.8868,sad,happy,sad,True,False,True,1.82198
-0.9998,-0.999679996799968,-0.96522,0.96468,-1.0,-1.0,happy,fearful,happy,True,False,True,1.9299
-0.04866000000000004,-0.32563325633256335,-0.99876,-0.62714,-0.9998,-1.0,angry,disgust,disgust,False,True,True,0.2769732563325633
-0.99982,-0.999839998399984,-0.83468,0.8334999999999999,-1.0,-0.99916,happy,fearful,happy,True,False,True,1.66818
0.8326,-0.999959999599996,-0.8464,-0.98624,-1.0,-1.0,angry,fearful,angry,True,False,True,1.679
-0.98478,0.9459994599946,-0.99806,-0.99872,-0.99694,-0.96748,disgust,sad,disgust,True,False,True,1.9134794599946
-0.99992,-0.993859938599386,-0.97616,-0.97116,-0.6916800000000001,0.63276,sad,neutral,neutral,False,True,True,1.32444
-0.99996,0.9999799997999979,-1.0,-1.0,-1.0,-1.0,disgust,angry,disgust,True,False,True,1.9999399997999978
-0.99996,-0.99719997199972,0.9880199999999999,-0.99784,-0.99818,-0.99484,fearful,sad,fearful,True,False,True,1.9828599999999998
-0.99986,0.9737597375973759,-0.97444,-1.0,-1.0,-0.99944,disgust,fearful,disgust,True,False,True,1.9481997375973759
-0.08664000000000005,-0.999619996199962,-0.99902,-0.4256,-0.48922,-0.99988,angry,happy,happy,False,True,True,0.33895999999999993
-0.96016,-0.3580735807358073,-0.99986,-0.99194,0.2181200000000001,-0.90808,neutral,disgust,neutral,True,False,True,0.5761935807358074
0.67268,-0.982819828198282,-0.87576,-0.81438,-0.99976,-0.99994,angry,happy,happy,False,True,True,1.48706
0.9732400000000001,-0.998779987799878,-0.99994,-0.97552,-0.999,-0.99998,angry,happy,angry,True,False,True,1.94876
0.9982800000000001,-0.998579985799858,-0.99978,-0.9999,-1.0,-1.0,angry,disgust,angry,True,False,True,1.996859985799858
-0.9887,0.988559885598856,-1.0,-0.99986,-1.0,-0.99998,disgust,angry,disgust,True,False,True,1.9772598855988561
-0.99978,-0.987359873598736,-1.0,0.9650000000000001,-0.98448,-0.99336,happy,neutral,disgust,False,False,False,1.94948
-1.0,-0.999819998199982,-1.0,-1.0,-0.99918,0.99898,sad,neutral,sad,True,False,True,1.99816
-0.99906,-0.999979999799998,-0.7182999999999999,0.7112,-1.0,-0.99386,happy,fearful,happy,True,False,True,1.4295
0.7719400000000001,-0.999979999799998,-0.99912,-0.77284,-1.0,-0.99998,angry,happy,angry,True,False,True,1.54478
-0.9945,-0.999779997799978,-0.99992,0.9927600000000001,-0.99992,-0.99864,happy,angry,happy,True,False,True,1.98726
-0.9998,0.6856768567685676,-0.68678,-1.0,-0.9995,-0.99958,disgust,fearful,disgust,True,False,True,1.3724568567685675
0.039060000000000095,-0.983019830198302,-0.99946,-0.05708000000000002,-1.0,-0.99952,angry,happy,happy,False,True,True,0.09614000000000011
-0.99964,-0.999619996199962,-0.99888,-1.0,0.9319,-0.93374,neutral,sad,sad,False,True,True,1.86564
-0.81124,-0.999519995199952,-0.99784,0.8063800000000001,-0.99778,-1.0,happy,angry,happy,True,False,True,1.61762
0.9999800000000001,-1.0,-1.0,-1.0,-1.0,-1.0,angry,sad,angry,True,False,True,1.99998
-1.0,-0.99979999799998,-1.0,-0.99998,0.9997799999999999,-1.0,neutral,disgust,neutral,True,False,True,1.9995799979999798
-0.99854,-0.999959999599996,-0.99894,-0.99998,-0.48532,0.4827600000000001,sad,neutral,sad,True,False,True,0.96808
-0.62756,0.5113951139511395,-0.9497,-0.99632,-0.99888,-0.93892,disgust,angry,disgust,True,False,True,1.1389551139511394
-0.97828,-1.0,-1.0,0.9782599999999999,-1.0,-1.0,happy,angry,happy,True,False,True,1.95654
-0.65,0.3352533525335253,-0.99002,-0.69526,-0.99998,-0.99998,disgust,angry,angry,False,True,True,0.9852533525335253
-0.849,-0.9402994029940299,-0.82174,-0.6742,0.28092000000000006,-0.99566,neutral,happy,disgust,False,False,False,0.9551200000000001
-0.99996,-0.995119951199512,-0.98334,-0.9868,-0.96824,0.9334800000000001,sad,neutral,neutral,False,True,True,1.90172
-0.99992,0.9770197701977019,-0.99992,-0.97722,-0.99994,-1.0,disgust,happy,angry,False,False,False,1.954239770197702
-0.99838,-0.7451574515745157,0.7385200000000001,-0.99786,-0.99716,-0.99994,fearful,disgust,fearful,True,False,True,1.4836774515745157
-1.0,0.3538135381353813,-0.98132,-1.0,-0.4181,-0.95438,disgust,neutral,sad,False,False,False,0.7719135381353813
-0.99992,-0.8956189561895619,0.83298,-0.99994,-0.99992,-0.93756,fearful,disgust,fearful,True,False,True,1.728598956189562
0.9993000000000001,-0.999839998399984,-0.99954,-0.99996,-1.0,-0.99998,angry,fearful,angry,True,False,True,1.99884
-1.0,-0.999979999799998,-1.0,-1.0,-1.0,0.9999800000000001,sad,disgust,sad,True,False,True,1.999959999799998
-1.0,-0.992919929199292,-0.8086599999999999,0.2253799999999999,-0.99994,-0.42386,happy,sad,sad,False,True,True,0.6492399999999999
-0.99868,-1.0,-0.99984,0.9984599999999999,-1.0,-0.99996,happy,angry,happy,True,False,True,1.99714
-0.9997,-0.999039990399904,-0.9972799999999999,-1.0,0.9912000000000001,-0.99518,neutral,sad,sad,False,True,True,1.98638
-0.99998,-0.6272762727627277,0.52098,-0.99984,-0.99882,-0.8950400000000001,fearful,disgust,fearful,True,False,True,1.1482562727627277
0.41018,-0.990679906799068,-0.9948,-0.42498,-0.99984,-0.9999,angry,happy,angry,True,False,True,0.83516
-0.9998,0.7566975669756697,-0.9996,-0.99988,-0.78076,-0.97662,disgust,neutral,neutral,False,True,True,1.5374575669756698
-0.45376000000000005,-0.2948529485294853,-0.83294,-0.96742,-0.9895,-0.46153999999999995,disgust,angry,neutral,False,False,False,0.15890705147051476
-1.0,-0.990739907399074,-0.99862,-0.93102,-0.8340799999999999,0.7544599999999999,sad,neutral,sad,True,False,True,1.5885399999999998
-0.99952,-0.4199541995419954,-0.97082,-0.99876,0.3561399999999999,-0.96706,neutral,disgust,disgust,False,True,True,0.7760941995419953
-1.0,-0.6132161321613216,-1.0,-1.0,-1.0,0.6132200000000001,sad,disgust,sad,True,False,True,1.2264361321613217
-0.99996,-0.99929999299993,-0.98002,0.9787600000000001,-1.0,-0.99948,happy,fearful,happy,True,False,True,1.95878
-1.0,-0.999959999599996,-1.0,-1.0,-1.0,0.99996,sad,disgust,sad,True,False,True,1.999919999599996
-0.99978,-0.999959999599996,-0.98352,0.6989000000000001,-0.9825,-0.73314,happy,sad,happy,True,False,True,1.4320400000000002
-0.98814,-0.9848398483984839,-0.39708,-0.97198,-0.018279999999999963,-0.6396999999999999,neutral,fearful,fearful,False,True,True,0.3788
-0.99564,0.9955999559995599,-0.99996,-1.0,-1.0,-0.99998,disgust,angry,disgust,True,False,True,1.9912399559995597
0.99996,-0.999979999799998,-0.99998,-1.0,-1.0,-1.0,angry,disgust,angry,True,False,True,1.9999399997999978
-0.99762,0.5359953599535994,-0.99986,-0.99798,-0.99992,-0.5406,disgust,sad,disgust,True,False,True,1.0765953599535993
-0.99982,-0.997719977199772,-0.68056,-1.0,-0.42254,0.10064000000000006,sad,neutral,sad,True,False,True,0.5231800000000001
-0.99998,0.8063580635806358,-0.93828,-0.99918,-0.99412,-0.87478,disgust,sad,angry,False,False,False,1.6811380635806357
-0.99976,-0.999959999599996,0.99928,-0.99958,-1.0,-1.0,fearful,happy,happy,False,True,True,1.99886
0.9997799999999999,-0.999959999599996,-0.99998,-0.99986,-1.0,-1.0,angry,happy,angry,True,False,True,1.9996399999999999
0.94156,-0.999859998599986,-0.94196,-0.99972,-1.0,-1.0,angry,fearful,angry,True,False,True,1.8835199999999999
1.0,-1.0,-1.0,-1.0,-1.0,-1.0,angry,sad,angry,True,False,True,2.0
-0.96998,-0.9458394583945839,-0.67948,0.5887199999999999,-0.99936,-0.99404,happy,fearful,happy,True,False,True,1.2681999999999998
-0.99994,-0.97979979799798,-0.99968,-1.0,0.9793000000000001,-0.99988,neutral,disgust,neutral,True,False,True,1.95909979799798
-0.99996,-0.39251392513925143,-0.9933,-0.99966,-0.99742,0.38286,sad,disgust,sad,True,False,True,0.7753739251392514
-0.73388,-1.0,-0.99262,0.7264999999999999,-0.99998,-1.0,happy,angry,happy,True,False,True,1.4603799999999998
-0.99952,-0.996959969599696,0.79108,-0.81064,-0.98448,-0.99946,fearful,happy,fearful,True,False,True,1.60172
-0.9999,-0.999959999599996,-0.99998,-0.99906,0.9988999999999999,-1.0,neutral,happy,neutral,True,False,True,1.99796
-0.99984,-1.0,-0.9998,-0.99252,0.9921599999999999,-1.0,neutral,happy,fearful,False,False,False,1.98468
0.99844,-0.999819998199982,-0.99874,-0.9999,-0.99998,-1.0,angry,fearful,angry,True,False,True,1.99718
-0.9725,-0.7647376473764738,0.10132000000000008,-0.95646,-0.4423,-0.9653,fearful,neutral,fearful,True,False,True,0.5436200000000001
-1.0,-0.8369183691836919,-0.99958,-0.99998,-0.99974,0.83622,sad,disgust,disgust,False,True,True,1.6731383691836919
-0.71844,-0.999719997199972,0.71408,-0.9963,-0.9999,-0.99974,fearful,angry,fearful,True,False,True,1.43252
-1.0,0.8664186641866418,-0.99994,-1.0,-1.0,-0.86648,disgust,sad,sad,False,True,True,1.7328986641866417
0.99956,-1.0,-0.99966,-0.9999,-1.0,-1.0,angry,fearful,angry,True,False,True,1.99922
-0.59926,-0.993119931199312,-0.71286,-0.96248,-0.99952,0.2672399999999999,sad,angry,fearful,False,False,False,0.8664999999999999
-0.99954,0.9984799847998478,-1.0,-0.99894,-1.0,-1.0,disgust,happy,disgust,True,False,True,1.9974199847998477
-0.67384,-0.5021150211502114,-0.9742,-0.5578799999999999,-0.87954,-0.41246000000000005,sad,disgust,sad,True,False,True,0.0896550211502114
0.9201999999999999,-0.974439744397444,-0.99924,-0.94978,-1.0,-0.99676,angry,happy,angry,True,False,True,1.86998
0.97418,-0.997079970799708,-0.99992,-0.97764,-0.99956,-1.0,angry,happy,angry,True,False,True,1.95182
0.53776,-0.8688586885868859,-0.984,-0.68892,-0.99998,-0.996,angry,happy,angry,True,False,True,1.22668
-0.99842,-0.995619956199562,0.99322,-0.99998,-0.99996,-0.99922,fearful,disgust,disgust,False,True,True,1.988839956199562
-0.99864,-0.8341183411834119,0.7384999999999999,-0.99988,-0.99176,-0.9141,fearful,disgust,fearful,True,False,True,1.5726183411834118
-0.99858,-0.99939999399994,0.70776,-0.9937,-0.98456,-0.73148,fearful,sad,sad,False,True,True,1.4392399999999999
-0.99992,-0.7731777317773179,-0.99964,-1.0,0.77264,-0.99988,neutral,disgust,neutral,True,False,True,1.5458177317773178
-1.0,-1.0,-0.99998,-1.0,-0.8284400000000001,0.8284199999999999,sad,neutral,sad,True,False,True,1.65686
-1.0,-0.999939999399994,-1.0,-1.0,-1.0,0.99994,sad,disgust,sad,True,False,True,1.999879999399994
-0.36029999999999995,0.23007230072300722,-0.9918,-0.99882,-0.88752,-0.99162,disgust,angry,fearful,False,False,False,0.5903723007230072
-0.99934,-0.999919999199992,-0.99816,0.9972000000000001,-1.0,-0.99978,happy,fearful,happy,True,False,True,1.9953600000000002
-0.99918,0.19651196511965097,-0.99998,-0.23443999999999998,-0.99966,-0.96324,disgust,happy,disgust,True,False,True,0.43095196511965095
-0.9999,0.9404194041940417,-0.975,-1.0,-0.99998,-0.96552,disgust,sad,sad,False,True,True,1.9059394041940418
-0.99956,-0.8537785377853779,-0.99254,0.79148,-0.96326,-0.98236,happy,disgust,disgust,False,True,True,1.645258537785378
-0.99996,-0.969219692196922,-0.6503,-0.99984,0.40091999999999994,-0.7816,neutral,fearful,neutral,True,False,True,1.0512199999999998
0.79034,-0.8167581675816759,-0.99788,-0.97768,-0.99816,-0.99982,angry,disgust,angry,True,False,True,1.6070981675816758
0.8673,-0.993179931799318,-1.0,-0.8759,-0.99992,-0.99828,angry,happy,angry,True,False,True,1.7431999999999999
-0.78406,0.6061360613606135,-0.99154,-0.8547,-0.99962,-0.97622,disgust,angry,angry,False,True,True,1.3901960613606135
0.9889600000000001,-1.0,-0.99948,-0.98948,-1.0,-1.0,angry,happy,angry,True,False,True,1.97844
0.13412000000000002,-0.998679986799868,-0.92588,-0.98452,-0.99864,-0.22641999999999995,angry,sad,angry,True,False,True,0.36053999999999997
-0.51554,-0.999539995399954,0.5150600000000001,-0.99998,-1.0,-1.0,fearful,angry,angry,False,True,True,1.0306000000000002
-0.5523,-0.994039940399404,-0.99996,-0.1955,-0.28808,-0.9701,happy,neutral,happy,True,False,True,0.09258
-0.99998,-0.936059360593606,-0.99994,-1.0,0.9359599999999999,-0.99998,neutral,disgust,neutral,True,False,True,1.872019360593606
-0.9999,-0.8769587695876959,-0.9988,0.31377999999999995,-0.99884,-0.4393,happy,sad,sad,False,True,True,0.75308
-0.99984,-1.0,0.9994400000000001,-0.99974,-1.0,-0.99986,fearful,happy,fearful,True,False,True,1.99918
0.9999800000000001,-1.0,-0.99998,-1.0,-1.0,-1.0,angry,fearful,angry,True,False,True,1.9999600000000002
-0.99934,-0.99259992599926,-0.99814,-0.99992,0.98966,-0.99966,neutral,disgust,sad,False,False,False,1.98225992599926
-0.95996,-0.9008390083900839,0.26161999999999996,-0.9626,-0.6263000000000001,-0.81192,fearful,neutral,sad,False,False,False,0.88792
-1.0,-0.99989999899999,-0.99986,-1.0,-0.99826,0.9980199999999999,sad,neutral,sad,True,False,True,1.99628
-0.99998,-0.998439984399844,0.99492,-0.99712,-1.0,-0.99938,fearful,happy,fearful,True,False,True,1.99204
-0.99998,-0.999459994599946,-0.99478,-0.9995,-0.58512,0.5788599999999999,sad,neutral,sad,True,False,True,1.16398
-0.99998,-0.997439974399744,-0.99998,-1.0,0.99732,-0.99992,neutral,disgust,neutral,True,False,True,1.994759974399744
-0.99872,0.9978199781997819,-1.0,-0.99918,-1.0,-0.9999,disgust,angry,disgust,True,False,True,1.996539978199782
-1.0,-0.998879988799888,-0.99964,-0.42352,-0.6264000000000001,0.04844000000000004,sad,happy,happy,False,True,True,0.47196000000000005
-0.99992,-0.999739997399974,-0.99946,-0.92336,-1.0,0.9225000000000001,sad,happy,sad,True,False,True,1.84586
-0.99978,-0.983479834798348,-0.98658,-0.96396,0.1572800000000001,-0.22348,neutral,sad,neutral,True,False,True,0.3807600000000001
-1.0,-0.999419994199942,0.99936,-0.99994,-1.0,-1.0,fearful,disgust,fearful,True,False,True,1.998779994199942
-0.99496,-0.995659956599566,-0.99844,-0.99964,-0.99988,0.98858,sad,angry,sad,True,False,True,1.98354
-1.0,-0.999959999599996,0.97512,-0.9999,-0.99884,-0.97642,fearful,sad,sad,False,True,True,1.95154
-0.99972,-0.992779927799278,-1.0,0.9679199999999999,-0.99998,-0.97542,happy,sad,disgust,False,False,False,1.9433399999999998
-1.0,-0.99979999799998,-0.9999,-1.0,-0.12902000000000002,0.12870000000000004,sad,neutral,sad,True,False,True,0.25772000000000006
-1.0,0.9999799997999979,-1.0,-1.0,-1.0,-0.99998,disgust,sad,disgust,True,False,True,1.999959999799998
-1.0,-1.0,0.99996,-0.99996,-1.0,-1.0,fearful,happy,fearful,True,False,True,1.99992
-0.98778,0.8375183751837516,-0.9952,-0.8672,-0.98776,-0.99956,disgust,happy,disgust,True,False,True,1.7047183751837516
-0.99984,-0.7878378783787838,-0.93782,-0.97026,-0.20177999999999996,-0.10246,sad,neutral,neutral,False,True,True,0.09931999999999996
-0.99998,-0.999719997199972,-0.48306000000000004,0.4827600000000001,-1.0,-1.0,happy,fearful,angry,False,False,False,0.9658200000000001
-0.08843999999999996,-0.9239592395923959,-0.9993,0.011679999999999913,-1.0,-0.99998,happy,angry,angry,False,True,True,0.10011999999999988
0.9999,-0.999979999799998,-1.0,-0.99992,-1.0,-1.0,angry,happy,angry,True,False,True,1.9998200000000002
-1.0,-0.999979999799998,-0.95846,-1.0,-0.99998,0.95842,sad,fearful,fearful,False,True,True,1.91688
-0.45624,-0.7853978539785398,-0.99064,0.17384,-0.94194,-0.99964,happy,angry,angry,False,True,True,0.63008
-0.79344,0.0019100191001910627,-0.5045,-0.81428,-0.8918200000000001,-0.99788,disgust,fearful,angry,False,False,False,0.506410019100191
-0.9792,0.07867078670786709,-0.97646,-0.99838,-0.97048,-0.15414000000000005,disgust,sad,disgust,True,False,True,0.23281078670786715
-0.99998,-0.986419864198642,-0.75816,-0.9575400000000001,-0.99702,0.6991,sad,fearful,sad,True,False,True,1.45726
-1.0,-1.0,0.99112,-0.9997,-1.0,-0.99142,fearful,sad,fearful,True,False,True,1.98254
0.9991000000000001,-0.999719997199972,-0.99942,-0.99998,-0.99998,-1.0,angry,fearful,angry,True,False,True,1.99852
0.68944,-0.999139991399914,-0.82746,-0.86714,-0.99998,-0.9957,angry,fearful,fearful,False,True,True,1.5169000000000001
-0.762,-0.8561585615856159,-0.41337999999999997,-0.5430200000000001,-0.44536,-0.98006,fearful,neutral,fearful,True,False,True,0.03198000000000001
0.72716,-0.999939999399994,-0.73874,-0.9885,-1.0,-1.0,angry,fearful,happy,False,False,False,1.4659
0.9993799999999999,-1.0,-0.99938,-1.0,-1.0,-1.0,angry,fearful,angry,True,False,True,1.9987599999999999
-0.99248,-0.996379963799638,-0.88192,0.8703000000000001,-0.99998,-0.99954,happy,fearful,happy,True,False,True,1.75222
-0.9979,-0.984519845198452,0.7948200000000001,-0.91256,-1.0,-0.89986,fearful,sad,fearful,True,False,True,1.69468
-0.99972,0.999079990799908,-0.99938,-1.0,-1.0,-0.99996,disgust,fearful,disgust,True,False,True,1.9984599907999079
0.9979,-0.999819998199982,-1.0,-0.99808,-1.0,-1.0,angry,happy,angry,True,False,True,1.9959799999999999
-0.9956,-0.993979939799398,0.9893400000000001,-0.99978,-0.99998,-0.99998,fearful,disgust,fearful,True,False,True,1.9833199397993981
-0.99996,-0.999819998199982,-0.99998,-1.0,0.99976,-1.0,neutral,disgust,neutral,True,False,True,1.999579998199982
-1.0,-0.999459994599946,-0.79886,-0.99998,-0.99998,0.7982800000000001,sad,fearful,sad,True,False,True,1.59714
-1.0,0.9966199661996618,-0.99998,-1.0,-0.99808,-0.99854,disgust,neutral,neutral,False,True,True,1.9946999661996618
-0.99992,0.995219952199522,-0.99984,-0.99986,-0.99828,-0.9973,disgust,sad,disgust,True,False,True,1.992519952199522
-0.70448,0.6958769587695877,-0.9915,-0.99998,-0.9999,-1.0,disgust,angry,disgust,True,False,True,1.4003569587695877
-0.99844,-0.998259982599826,-0.9555,-0.99972,0.8032600000000001,-0.85134,neutral,sad,sad,False,True,True,1.6546
-1.0,-0.8036780367803678,0.4260600000000001,-0.97858,-0.99874,-0.64506,fearful,sad,sad,False,True,True,1.07112
-0.9997,-0.9218792187921879,-0.9786,-0.9951,-0.99618,0.89144,sad,disgust,sad,True,False,True,1.8133192187921878
-1.0,-0.4994749947499475,-0.89164,0.08445999999999998,-1.0,-0.6933199999999999,happy,disgust,fearful,False,False,False,0.5839349947499475
-0.52886,-0.975219752197522,0.39652,-0.8962,-1.0,-0.99624,fearful,angry,fearful,True,False,True,0.92538
-0.99038,-0.995279952799528,-0.99988,0.85232,-0.86678,-1.0,happy,neutral,happy,True,False,True,1.7191
0.99932,-0.999379993799938,-1.0,-0.99994,-1.0,-1.0,angry,disgust,angry,True,False,True,1.9986999937999381
-1.0,-1.0,-1.0,1.0,-1.0,-1.0,happy,sad,happy,True,False,True,2.0
-0.99996,0.999719997199972,-0.99976,-1.0,-1.0,-1.0,disgust,fearful,disgust,True,False,True,1.999479997199972
-1.0,-0.999959999599996,-1.0,-1.0,0.99996,-1.0,neutral,disgust,neutral,True,False,True,1.999919999599996
-0.90368,-0.995339953399534,-0.9885,0.8726400000000001,-0.98512,-1.0,happy,angry,happy,True,False,True,1.7763200000000001
-0.98162,-0.8590185901859019,-0.70638,0.3703000000000001,-0.82338,-0.99992,happy,fearful,angry,False,False,False,1.07668
0.9214199999999999,-0.999979999799998,-0.99858,-0.92298,-0.99988,-1.0,angry,happy,angry,True,False,True,1.8443999999999998
-0.99958,0.9490794907949078,-0.99978,-0.99992,-0.9499,-0.9999,disgust,neutral,disgust,True,False,True,1.8989794907949078
-0.9997,-1.0,0.99952,-0.99984,-1.0,-1.0,fearful,angry,fearful,True,False,True,1.99922
-0.97854,0.975259752597526,-0.99998,-0.9979,-1.0,-0.99882,disgust,angry,disgust,True,False,True,1.953799752597526
0.9998,-0.999959999599996,-1.0,-0.99982,-1.0,-1.0,angry,happy,angry,True,False,True,1.9996200000000002
-0.9997,-0.8369583695836958,-0.99936,-0.99564,-0.94324,0.7748999999999999,sad,disgust,sad,True,False,True,1.6118583695836959
-0.99986,-0.999839998399984,0.6876,-0.81152,-1.0,-0.87636,fearful,happy,fearful,True,False,True,1.49912
-1.0,-1.0,-0.99998,-1.0,-0.99998,0.99996,sad,neutral,sad,True,False,True,1.99994
-1.0,-0.999959999599996,-1.0,-0.98696,-0.99998,0.9869000000000001,sad,happy,sad,True,False,True,1.9738600000000002
-0.99994,-0.9669196691966919,-0.9999,-0.99998,0.9664999999999999,-0.99976,neutral,disgust,neutral,True,False,True,1.9334196691966918
-1.0,-0.999959999599996,-1.0,-1.0,-1.0,0.99996,sad,disgust,sad,True,False,True,1.999919999599996
-1.0,-0.6589565895658956,-0.9999,-0.99998,0.59372,-0.93488,neutral,disgust,neutral,True,False,True,1.2526765895658958
-0.99992,-1.0,0.9996,-0.99968,-1.0,-1.0,fearful,happy,fearful,True,False,True,1.9992800000000002
-0.99996,-0.027530275302753093,-0.91444,-0.98718,-0.99386,-0.07699999999999996,disgust,sad,sad,False,True,True,0.049469724697246864
-0.97204,-0.985959859598596,-0.7663800000000001,-0.99954,0.3885799999999999,-0.66464,neutral,sad,sad,False,True,True,1.05322
-0.99624,-0.999979999799998,-0.99998,0.9961800000000001,-1.0,-1.0,happy,angry,happy,True,False,True,1.99242
0.74824,-0.8001580015800158,-0.99986,-0.96976,-0.9789,-0.99958,angry,disgust,angry,True,False,True,1.5483980015800158
-0.9314,-0.999819998199982,0.9290400000000001,-0.99922,-1.0,-0.9986,fearful,angry,fearful,True,False,True,1.86044
-0.6858,-0.2921929219292193,-0.059599999999999986,-0.9706,-0.99184,-0.99998,fearful,disgust,fearful,True,False,True,0.23259292192921932
0.88584,-0.999779997799978,-0.99826,-0.90234,-1.0,-0.98546,angry,happy,angry,True,False,True,1.78818
-0.96216,0.9458394583945839,-0.99976,-0.99924,-0.9994,-0.98528,disgust,angry,disgust,True,False,True,1.9079994583945838
-0.99958,-0.997079970799708,-0.99952,-1.0,0.9961599999999999,-0.99998,neutral,disgust,neutral,True,False,True,1.993239970799708
-0.997,0.6128161281612816,-0.79548,-0.82042,-1.0,-0.9999,disgust,fearful,happy,False,False,False,1.4082961281612816
-0.94092,-0.997859978599786,0.93424,-0.99546,-1.0,-0.99998,fearful,angry,fearful,True,False,True,1.87516
-0.99986,-1.0,0.9610799999999999,-0.96146,-1.0,-0.99978,fearful,happy,fearful,True,False,True,1.92254
-0.9999,0.9445594455944557,-0.99962,-0.99844,-0.99706,-0.94952,disgust,sad,disgust,True,False,True,1.8940794455944556
-1.0,-0.994239942399424,-0.99996,-1.0,0.9919199999999999,-0.99774,neutral,disgust,neutral,True,False,True,1.986159942399424
0.6709400000000001,-0.999979999799998,-0.9994,-0.6718999999999999,-0.9997,-0.99996,angry,happy,angry,True,False,True,1.34284
-0.99996,0.9999199991999919,-1.0,-0.99992,-1.0,-1.0,disgust,happy,disgust,True,False,True,1.9998399991999918
-0.96654,0.9605596055960559,-0.99838,-0.9972,-0.99842,-0.99998,disgust,angry,disgust,True,False,True,1.9270996055960559
-0.99892,-0.994059940599406,0.99228,-0.99996,-1.0,-0.99932,fearful,disgust,fearful,True,False,True,1.986339940599406
-1.0,-1.0,-0.99998,-0.9999,0.99986,-1.0,neutral,happy,neutral,True,False,True,1.99976
-1.0,0.995379953799538,-0.99984,-1.0,-1.0,-0.99554,disgust,sad,disgust,True,False,True,1.990919953799538
-0.99972,0.8556185561855616,-0.96726,-1.0,-0.894,-0.99462,disgust,neutral,disgust,True,False,True,1.7496185561855615
-0.99912,-0.999979999799998,-0.65742,0.65648,-1.0,-0.99996,happy,fearful,happy,True,False,True,1.3138999999999998
-0.99854,-0.96719967199672,-0.99746,-0.84368,-0.09384000000000003,-0.09930000000000005,neutral,sad,happy,False,False,False,0.00546000000000002
-0.99378,-0.989839898398984,-0.99998,0.9503600000000001,-0.96712,-0.99964,happy,neutral,happy,True,False,True,1.91748
-0.99842,0.9971199711997121,-1.0,-0.99998,-0.99906,-0.99964,disgust,angry,disgust,True,False,True,1.9955399711997122
-0.99994,-0.999259992599926,-0.9925,0.99122,-1.0,-0.99952,happy,fearful,happy,True,False,True,1.98372
-1.0,-0.999379993799938,-0.99882,-1.0,0.7281,-0.7299,neutral,sad,sad,False,True,True,1.458
0.99996,-1.0,-0.99996,-1.0,-1.0,-1.0,angry,fearful,angry,True,False,True,1.99992
-0.99998,-0.999979999799998,0.9921800000000001,-0.99228,-1.0,-0.99994,fearful,happy,fearful,True,False,True,1.9844600000000001
-0.99994,-0.997759977599776,-0.99992,-1.0,0.4065000000000001,-0.40888,neutral,sad,neutral,True,False,True,0.8153800000000001
-0.97414,0.960839608396084,-1.0,-0.98724,-0.99994,-0.9995,disgust,angry,disgust,True,False,True,1.934979608396084
-0.99998,-0.994279942799428,-0.99502,-1.0,0.7801800000000001,-0.7908999999999999,neutral,sad,neutral,True,False,True,1.57108
-0.92282,-0.8173381733817339,-0.96536,-0.9029,0.2045999999999999,-0.5961799999999999,neutral,sad,happy,False,False,False,0.8007799999999998
0.8216399999999999,-0.9019790197901979,-0.9764,-0.94758,-0.99568,-1.0,angry,disgust,fearful,False,False,False,1.7236190197901977
-0.99994,-0.999939999399994,-0.67144,0.45511999999999997,-1.0,-0.7838,happy,fearful,fearful,False,True,True,1.12656
0.9998,-0.99979999799998,-1.0,-1.0,-1.0,-1.0,angry,disgust,angry,True,False,True,1.99959999799998
-0.99406,-1.0,0.53,-0.5360199999999999,-1.0,-0.99994,fearful,happy,fearful,True,False,True,1.06602
-1.0,0.9227592275922758,-0.99996,-1.0,-1.0,-0.92278,disgust,sad,disgust,True,False,True,1.8455392275922757
-1.0,-0.99979999799998,-1.0,-1.0,0.99966,-0.99988,neutral,disgust,neutral,True,False,True,1.9994599979999799
-1.0,-1.0,-0.99998,0.9999800000000001,-1.0,-1.0,happy,fearful,happy,True,False,True,1.9999600000000002
0.28258000000000005,-0.9657796577965779,-0.97382,-0.38749999999999996,-0.98088,-0.9746,angry,happy,angry,True,False,True,0.67008
0.9873000000000001,-0.999939999399994,-0.99842,-0.98898,-0.99996,-1.0,angry,happy,angry,True,False,True,1.97628
0.99664,-0.99989999899999,-0.9976,-0.99918,-1.0,-0.99996,angry,fearful,angry,True,False,True,1.99424
-0.86934,-0.9213992139921399,-0.9987,0.7486200000000001,-0.99862,-0.96056,happy,angry,angry,False,True,True,1.61796
-0.9994,-0.996819968199682,-0.99922,-0.79582,0.77176,-0.9805,neutral,happy,happy,False,True,True,1.56758
-0.36412,-0.99539995399954,0.35938000000000003,-0.99986,-1.0,-1.0,fearful,angry,angry,False,True,True,0.7235
-0.71602,0.7122171221712217,-1.0,-0.99662,-1.0,-0.9996,disgust,angry,disgust,True,False,True,1.4282371221712218
-1.0,-0.999159991599916,-0.99996,-1.0,-0.99998,0.99908,sad,disgust,sad,True,False,True,1.9982399915999158
-1.0,-1.0,-0.99976,-0.9992,-0.99998,0.99892,sad,happy,sad,True,False,True,1.9981200000000001
-1.0,-0.999819998199982,-0.99664,-0.99872,0.9934000000000001,-0.99822,neutral,fearful,neutral,True,False,True,1.99004
-0.9998,-0.7695376953769537,-0.95638,-0.85378,0.5597799999999999,-0.98026,neutral,disgust,disgust,False,True,True,1.3293176953769537
-0.99998,-0.999839998399984,0.93072,-0.9867,-0.99986,-0.94432,fearful,sad,fearful,True,False,True,1.87504
-0.98562,0.9705997059970599,-0.99958,-0.99952,-0.99762,-0.98824,disgust,angry,disgust,True,False,True,1.9562197059970599
0.9915799999999999,-1.0,-0.99288,-0.99872,-1.0,-1.0,angry,fearful,angry,True,False,True,1.98446
-0.99264,0.960719607196072,-1.0,-0.99842,-0.99848,-0.97116,disgust,sad,disgust,True,False,True,1.931879607196072
0.7032799999999999,-0.996359963599636,-0.91874,-0.7905,-0.99768,-1.0,angry,happy,fearful,False,False,False,1.4937799999999999
-1.0,-0.999879998799988,-0.85364,-1.0,-0.99978,0.8533,sad,fearful,fearful,False,True,True,1.70694
-1.0,-0.999959999599996,-0.9998,-0.9984,-0.976,0.9741599999999999,sad,neutral,neutral,False,True,True,1.95016
0.74318,-1.0,-0.74318,-1.0,-1.0,-1.0,angry,fearful,angry,True,False,True,1.48636
0.6723600000000001,-0.979479794797948,-0.99668,-0.6978800000000001,-0.99974,-0.99858,angry,happy,angry,True,False,True,1.3702400000000001
0.9982200000000001,-0.999919999199992,-0.99988,-0.99842,-1.0,-1.0,angry,happy,angry,True,False,True,1.9966400000000002
-0.9962,-0.8762587625876259,-0.81928,-0.6352599999999999,-0.40158000000000005,-0.2714,sad,neutral,disgust,False,False,False,0.13018000000000007
-0.9967,-0.999419994199942,-0.68118,0.5268999999999999,-0.9996,-0.85,happy,fearful,happy,True,False,True,1.2080799999999998
-0.99986,0.9715997159971601,-0.99994,-1.0,-0.9718,-0.99998,disgust,neutral,disgust,True,False,True,1.94339971599716
1.0,-1.0,-1.0,-1.0,-1.0,-1.0,angry,sad,angry,True,False,True,2.0
-0.99938,0.9620996209962098,-1.0,-0.99958,-0.99998,-0.96314,disgust,sad,disgust,True,False,True,1.92523962099621
0.99844,-1.0,-0.99846,-1.0,-1.0,-1.0,angry,fearful,angry,True,False,True,1.9969000000000001
-0.9998,-0.9848398483984839,-0.13385999999999998,-0.99242,0.11085999999999996,-0.99996,neutral,fearful,fearful,False,True,True,0.24471999999999994
0.8708199999999999,-0.8896588965889659,-0.98178,-0.99944,-1.0,-0.99996,angry,disgust,angry,True,False,True,1.7604788965889657
-0.75252,-0.999979999799998,-0.99982,-0.99732,0.74916,-0.99952,neutral,angry,neutral,True,False,True,1.50168
-1.0,-0.998719987199872,-0.99996,-1.0,0.9983599999999999,-0.99966,neutral,disgust,neutral,True,False,True,1.997079987199872
-0.9977,-0.41425414254142545,-0.99948,-0.99922,0.4105399999999999,-0.9999,neutral,disgust,neutral,True,False,True,0.8247941425414254
-1.0,-1.0,0.9996400000000001,-1.0,-1.0,-0.99964,fearful,sad,fearful,True,False,True,1.9992800000000002
-1.0,-1.0,0.99994,-1.0,-1.0,-0.99994,fearful,sad,fearful,True,False,True,1.99988
-0.99762,0.971279712797128,-0.99838,-0.97644,-1.0,-0.99884,disgust,happy,disgust,True,False,True,1.947719712797128
-0.99958,-0.9543995439954399,0.77732,-0.91504,-0.90966,-0.99864,fearful,neutral,fearful,True,False,True,1.6869800000000001
-1.0,0.9880398803988037,-0.99998,-1.0,-1.0,-0.98804,disgust,sad,disgust,True,False,True,1.9760798803988038
-0.041019999999999945,-0.99169991699917,-0.31104,-0.97074,-0.99998,-0.68552,angry,fearful,angry,True,False,True,0.27002000000000004
-1.0,-0.9959999599996,-0.95714,-0.98874,-0.99278,0.93466,sad,fearful,happy,False,False,False,1.8918
-0.99974,-0.999979999799998,0.9996799999999999,-1.0,-0.99996,-1.0,fearful,angry,fearful,True,False,True,1.9994199999999998
-1.0,-0.5017550175501755,-0.23441999999999996,-0.99974,-0.99692,-0.26715999999999995,fearful,sad,angry,False,False,False,0.03273999999999999
-0.99998,-0.99919999199992,0.99546,-1.0,-0.99998,-0.99632,fearful,sad,fearful,True,False,True,1.9917799999999999
-0.98064,-0.99439994399944,-0.82492,0.7992999999999999,-0.9999,-0.99946,happy,fearful,happy,True,False,True,1.6242199999999998
-0.99998,-0.7511975119751197,-0.99856,-1.0,0.6122399999999999,-0.8625,neutral,disgust,neutral,True,False,True,1.3634375119751196
-1.0,-0.922339223392234,-0.9944,-0.99998,-1.0,0.9167000000000001,sad,disgust,sad,True,False,True,1.8390392233922341
-1.0,-1.0,-0.9998,-1.0,0.98292,-0.98314,neutral,sad,neutral,True,False,True,1.9660600000000001
0.9993799999999999,-1.0,-0.99966,-0.99972,-1.0,-1.0,angry,fearful,angry,True,False,True,1.99904
-1.0,-0.999979999799998,-0.99998,0.99996,-1.0,-0.99998,happy,disgust,happy,True,False,True,1.9999399997999978
-0.99998,-0.999919999199992,-0.99982,-0.9996,0.9993399999999999,-1.0,neutral,happy,neutral,True,False,True,1.99894
-1.0,-1.0,-0.99998,-1.0,-0.9989,0.99888,sad,neutral,sad,True,False,True,1.9977800000000001
-0.9999,-0.999979999799998,0.9067400000000001,-0.98612,-0.99988,-0.92088,fearful,sad,fearful,True,False,True,1.82762
-0.98408,-0.998919989199892,-0.99348,-0.99386,0.9695800000000001,-0.99924,neutral,angry,neutral,True,False,True,1.9536600000000002
0.99986,-0.999979999799998,-1.0,-0.99988,-1.0,-1.0,angry,happy,angry,True,False,True,1.99974
-0.2815,-0.99959999599996,-0.47518000000000005,-0.2439,-1.0,-0.99982,happy,angry,happy,True,False,True,0.03759999999999997
-1.0,-0.999979999799998,-0.99974,-0.89712,-0.68138,0.5782,sad,neutral,neutral,False,True,True,1.2595800000000001
-0.97564,-0.99869998699987,-0.66902,0.63754,-0.99666,-0.99754,happy,fearful,fearful,False,True,True,1.30656
-0.99956,-0.6966169661696617,-0.91542,0.5239,-0.99976,-0.91254,happy,disgust,happy,True,False,True,1.2205169661696618
-0.9386,0.9365993659936598,-1.0,-0.99998,-1.0,-0.998,disgust,angry,disgust,True,False,True,1.8751993659936597
-0.99998,-1.0,0.9999800000000001,-1.0,-1.0,-1.0,fearful,angry,fearful,True,False,True,1.9999600000000002
0.7229399999999999,-0.99909999099991,-0.97908,-0.74476,-1.0,-1.0,angry,happy,happy,False,True,True,1.4676999999999998
-0.90602,-0.999959999599996,-0.9377,0.84154,-0.99986,-0.998,happy,angry,happy,True,False,True,1.74756
-1.0,-1.0,-1.0,-1.0,0.99976,-0.99978,neutral,sad,neutral,True,False,True,1.99954
-0.99976,-0.999179991799918,-0.99898,-1.0,0.9979,-1.0,neutral,fearful,neutral,True,False,True,1.99688
-0.99666,-0.985319853198532,0.7221,-0.74116,-0.99998,-0.99898,fearful,happy,happy,False,True,True,1.46326
0.3662399999999999,-1.0,-0.98968,-0.37661999999999995,-0.99998,-0.99994,angry,happy,happy,False,True,True,0.7428599999999999
-0.99972,-0.998379983799838,-0.99998,0.86992,-0.99894,-0.8729,happy,sad,happy,True,False,True,1.74282
-0.72456,0.2536925369253691,-0.6979,-0.83656,-1.0,-0.99464,disgust,fearful,happy,False,False,False,0.951592536925369
-0.7933,-0.7729777297772977,-0.99994,0.5557799999999999,-0.99854,-0.991,happy,disgust,happy,True,False,True,1.3287577297772977
-0.98812,-1.0,0.98492,-0.9968,-1.0,-1.0,fearful,angry,fearful,True,False,True,1.9730400000000001
-1.0,-0.999979999799998,-0.99994,-1.0,0.9994799999999999,-0.99956,neutral,sad,neutral,True,False,True,1.99904
-0.99876,0.9855398553985539,-0.99992,-0.98974,-0.99934,-0.99776,disgust,happy,disgust,True,False,True,1.9752798553985538
0.52328,-0.7025970259702596,-0.82174,-0.99936,-0.99976,-0.99984,angry,disgust,angry,True,False,True,1.2258770259702596
0.9804200000000001,-0.998579985799858,-0.9902,-0.99164,-1.0,-1.0,angry,fearful,angry,True,False,True,1.97062
-0.99724,-0.999919999199992,0.8597600000000001,-0.99984,-0.96422,-0.89854,fearful,sad,fearful,True,False,True,1.7583000000000002
-0.99978,-1.0,-0.99984,0.9996,-1.0,-1.0,happy,angry,angry,False,True,True,1.99938
-1.0,-0.999979999799998,-0.99998,-0.99998,0.9755,-0.97554,neutral,sad,neutral,True,False,True,1.9510399999999999
-0.99998,-0.999959999599996,-0.99998,0.99942,-0.9997,-0.99978,happy,neutral,happy,True,False,True,1.99912
0.99908,-1.0,-0.99996,-0.99912,-1.0,-1.0,angry,happy,angry,True,False,True,1.9982
-0.9997,-0.7883178831788318,-0.45072,-0.99984,-0.98524,0.22384000000000004,sad,fearful,angry,False,False,False,0.67456
-0.9994,-0.999979999799998,-0.98816,0.9875,-1.0,-0.99998,happy,fearful,happy,True,False,True,1.97566
-0.99708,-0.8299382993829938,-0.99146,-0.5982799999999999,-0.1602,-0.42301999999999995,neutral,sad,disgust,False,False,False,0.26281999999999994
0.99366,-0.996379963799638,-0.9985,-0.99958,-0.9999,-0.99928,angry,disgust,angry,True,False,True,1.990039963799638
0.66696,-0.927359273592736,-0.9888,-0.94676,-0.80404,-1.0,angry,neutral,angry,True,False,True,1.471
0.9776199999999999,-0.999639996399964,-0.99874,-0.97924,-1.0,-1.0,angry,happy,angry,True,False,True,1.9568599999999998
-0.88668,-0.32145321453214537,0.19423999999999997,-0.98956,-0.99952,-0.99702,fearful,disgust,disgust,False,True,True,0.5156932145321453
-0.99998,-1.0,-0.99542,0.5008600000000001,-1.0,-0.50546,happy,sad,sad,False,True,True,1.00632
0.99962,-0.999679996799968,-0.99994,-0.99998,-1.0,-1.0,angry,disgust,angry,True,False,True,1.999299996799968
-1.0,-0.7321573215732158,-0.9998,-1.0,0.7303999999999999,-0.99844,neutral,disgust,neutral,True,False,True,1.4625573215732157
-1.0,-0.999379993799938,-0.99988,-1.0,-0.99988,0.9991399999999999,sad,disgust,sad,True,False,True,1.9985199937999378
-0.99994,-0.999459994599946,0.9986999999999999,-0.99934,-0.99996,-1.0,fearful,happy,fearful,True,False,True,1.99804
0.97566,-1.0,-0.99994,-0.97572,-1.0,-1.0,angry,happy,angry,True,False,True,1.95138
-0.99976,-0.6502165021650217,0.64324,-0.9947,-0.99894,-0.99962,fearful,disgust,fearful,True,False,True,1.2934565021650217
-0.9924,-0.997079970799708,0.86246,-0.9997,-0.99992,-0.87334,fearful,sad,fearful,True,False,True,1.7358
-0.9835,-0.7331773317733177,-0.99974,-0.98516,0.7014800000000001,-0.99988,neutral,disgust,neutral,True,False,True,1.4346573317733178
0.5675399999999999,-0.8180181801818018,-0.81362,-0.93694,-0.99988,-0.99908,angry,fearful,happy,False,False,False,1.38116
-1.0,-0.999979999799998,-0.99988,0.8788,-1.0,-0.87894,happy,sad,happy,True,False,True,1.75774
-0.99998,0.3884338843388433,-0.38854,-0.99998,-1.0,-0.99992,disgust,fearful,disgust,True,False,True,0.7769738843388433
-0.99682,-0.93549935499355,0.55348,-0.99994,-0.99098,-0.63022,fearful,sad,sad,False,True,True,1.1837
-0.99958,-1.0,-1.0,-0.98402,0.95306,-0.96948,neutral,sad,neutral,True,False,True,1.9225400000000001
0.36856,-0.987279872798728,-0.99996,-0.38261999999999996,-0.99874,-0.99996,angry,happy,happy,False,True,True,0.75118
-1.0,-0.999679996799968,-0.99936,-0.98996,-0.95416,0.94316,sad,neutral,happy,False,False,False,1.8973200000000001
-0.99668,-0.46197461974619747,-0.96564,0.40192000000000005,-0.99992,-0.97768,happy,disgust,happy,True,False,True,0.8638946197461975
-0.97364,0.8394783947839479,-1.0,-0.87996,-0.9866,-0.99926,disgust,happy,happy,False,True,True,1.719438394783948
0.95564,-0.99329993299933,-0.9983,-0.96442,-0.99962,-1.0,angry,happy,angry,True,False,True,1.92006
-1.0,-0.999979999799998,-1.0,-1.0,0.9999800000000001,-1.0,neutral,disgust,neutral,True,False,True,1.999959999799998
-1.0,0.9999399993999938,-0.99994,-1.0,-1.0,-0.99998,disgust,fearful,disgust,True,False,True,1.9998799993999938
-0.99996,-0.989439894398944,-0.99992,-0.99782,-0.96832,0.9554800000000001,sad,neutral,sad,True,False,True,1.9238
-1.0,-1.0,-0.99998,0.74248,-1.0,-0.7425200000000001,happy,sad,happy,True,False,True,1.485
-0.99962,-0.981879818798188,0.38081999999999994,-0.40590000000000004,-0.99974,-0.99366,fearful,happy,fearful,True,False,True,0.78672
-0.99254,-0.99989999899999,-0.98214,0.97452,-1.0,-0.99994,happy,fearful,happy,True,False,True,1.95666
-0.87692,0.8365383653836538,-0.98154,-0.97828,-1.0,-0.99978,disgust,angry,disgust,True,False,True,1.7134583653836537
-1.0,-0.99989999899999,-0.99938,-0.9996,-0.59222,0.59108,sad,neutral,neutral,False,True,True,1.1833
-1.0,-0.987359873598736,-0.99622,-1.0,0.7534400000000001,-0.76984,neutral,sad,neutral,True,False,True,1.5232800000000002
0.4632799999999999,-0.999939999399994,-0.98964,-0.47378,-1.0,-0.99992,angry,happy,happy,False,True,True,0.9370599999999999
-0.6433,-0.8052580525805259,-0.99936,-0.9068,-0.96932,0.3240400000000001,sad,angry,sad,True,False,True,0.9673400000000001
-1.0,-0.995139951399514,-0.99998,-1.0,0.9951000000000001,-0.99996,neutral,disgust,neutral,True,False,True,1.9902399513995142
-0.99998,0.14891148911489105,-0.99616,-0.99916,-0.99992,-0.15369999999999995,disgust,sad,sad,False,True,True,0.302611489114891
0.006799999999999917,-0.07007070070700716,-0.99962,-1.0,-1.0,-0.9371,angry,disgust,disgust,False,True,True,0.07687070070700708
0.48174000000000006,-0.99719997199972,-0.99892,-0.9741,-0.51544,-0.99608,angry,neutral,sad,False,False,False,0.9971800000000001
-1.0,0.936779367793678,-0.99956,-1.0,-1.0,-0.9372,disgust,sad,disgust,True,False,True,1.873979367793678
-0.98742,-0.990439904399044,-0.99994,-0.99998,0.95452,-0.97674,neutral,sad,sad,False,True,True,1.93126
-0.99914,-0.99849998499985,-0.9911,0.9019600000000001,-0.9837,-0.92952,happy,sad,happy,True,False,True,1.83148
-0.99998,0.9897998979989799,-0.99026,-1.0,-1.0,-0.99954,disgust,fearful,disgust,True,False,True,1.9800598979989799
0.99298,-0.998659986599866,-0.99982,-0.9999,-0.99984,-0.99476,angry,sad,angry,True,False,True,1.98774
-0.9943,0.46317463174631746,-0.99988,-0.99612,-0.74276,-0.7301,disgust,sad,neutral,False,False,False,1.1932746317463174
-0.99788,-0.992179921799218,0.9894400000000001,-0.99992,-1.0,-0.99948,fearful,disgust,fearful,True,False,True,1.981619921799218
-0.99998,-0.999959999599996,-0.99998,0.9942,-0.9943,-0.99998,happy,neutral,happy,True,False,True,1.9885
-1.0,-0.999959999599996,-0.9818,-1.0,-0.99166,0.9734,sad,fearful,sad,True,False,True,1.9552
-0.99996,-0.984919849198492,-0.98224,-1.0,-0.98874,0.9558599999999999,sad,fearful,sad,True,False,True,1.9381
0.9981199999999999,-1.0,-0.9982,-0.99992,-1.0,-1.0,angry,fearful,angry,True,False,True,1.9963199999999999
-0.99486,-0.999139991399914,-0.9997,0.98126,-0.98754,-1.0,happy,neutral,happy,True,False,True,1.9687999999999999
-0.8662799999999999,-0.999919999199992,-0.90626,0.7724599999999999,-1.0,-0.99998,happy,angry,angry,False,True,True,1.6387399999999999
-0.99968,-0.8296582965829659,-0.96176,-0.99976,-0.96236,0.75322,sad,disgust,angry,False,False,False,1.5828782965829657
0.9454800000000001,-1.0,-0.99678,-0.9487,-1.0,-1.0,angry,happy,angry,True,False,True,1.89418
-0.71258,-0.6429964299642996,-0.8650599999999999,-0.16888000000000003,-0.95346,-0.6570400000000001,happy,disgust,disgust,False,True,True,0.4741164299642996
-1.0,0.998959989599896,-0.99998,-0.99984,-0.99926,-0.99986,disgust,neutral,disgust,True,False,True,1.998219989599896
-0.98078,0.6909369093690936,-0.90632,-0.99524,-0.81092,-0.99764,disgust,neutral,disgust,True,False,True,1.5018569093690934
-1.0,-1.0,-0.99998,-1.0,0.9999800000000001,-1.0,neutral,fearful,neutral,True,False,True,1.9999600000000002
0.99454,-0.99979999799998,-0.99868,-0.9974,-0.99978,-0.9989,angry,happy,happy,False,True,True,1.99194
-0.9875,0.5711957119571196,-0.99998,-0.74718,-0.8783799999999999,-0.95814,disgust,happy,disgust,True,False,True,1.3183757119571196
-0.99004,-0.7430774307743078,-0.98836,0.7166999999999999,-0.99998,-0.99524,happy,disgust,angry,False,False,False,1.4597774307743077
-0.85166,-0.99639996399964,-0.99208,0.5889,-0.74874,-1.0,happy,neutral,angry,False,False,False,1.33764
-0.9442,-0.992459924599246,-0.99614,0.9324399999999999,-0.99982,-0.9998,happy,angry,happy,True,False,True,1.87664
-0.99366,-0.997179971799718,-0.9997,0.9768600000000001,-0.98682,-0.9995,happy,neutral,happy,True,False,True,1.96368
-0.98168,-0.986979869798698,-0.99926,0.9678199999999999,-0.9999,-1.0,happy,angry,happy,True,False,True,1.9495
0.9997400000000001,-1.0,-0.99976,-0.99998,-1.0,-1.0,angry,fearful,angry,True,False,True,1.9995
-0.99998,-0.999819998199982,-1.0,-1.0,0.9996400000000001,-0.99984,neutral,disgust,neutral,True,False,True,1.999459998199982
0.9017,-1.0,-0.92014,-0.98158,-1.0,-1.0,angry,fearful,fearful,False,True,True,1.82184
-0.99818,-0.7968179681796819,0.7619,-0.99986,-0.99974,-0.9673,fearful,disgust,fearful,True,False,True,1.558717968179682
-0.99954,-0.993019930199302,-0.99956,-0.99982,0.99074,-0.9988,neutral,disgust,neutral,True,False,True,1.983759930199302
-0.99722,-0.999679996799968,-0.99928,0.9948999999999999,-0.99874,-1.0,happy,angry,happy,True,False,True,1.99212
-1.0,-0.999579995799958,0.9989399999999999,-1.0,-1.0,-0.99936,fearful,sad,fearful,True,False,True,1.9983
-0.99856,0.987339873398734,-0.99838,-0.99966,-0.99994,-0.99078,disgust,sad,disgust,True,False,True,1.978119873398734
-0.99998,0.9998599985999861,-0.99986,-1.0,-1.0,-1.0,disgust,fearful,disgust,True,False,True,1.999719998599986
0.99292,-0.999759997599976,-0.99992,-0.99446,-0.99878,-1.0,angry,happy,angry,True,False,True,1.98738
-1.0,-1.0,-0.99992,-0.99998,-1.0,0.9999,sad,fearful,sad,True,False,True,1.9998200000000002
-0.97486,-0.7651376513765138,-0.99976,-1.0,0.65266,-0.9129,neutral,disgust,disgust,False,True,True,1.4177976513765138
-0.99996,-0.999579995799958,-0.99996,0.9994799999999999,-1.0,-1.0,happy,disgust,happy,True,False,True,1.999059995799958
-0.99602,-0.999859998599986,0.9026400000000001,-0.90758,-1.0,-0.99918,fearful,happy,fearful,True,False,True,1.8102200000000002
-1.0,-1.0,1.0,-1.0,-1.0,-1.0,fearful,sad,fearful,True,False,True,2.0
-0.9999,-1.0,-0.9996,0.9994000000000001,-0.99998,-0.99992,happy,fearful,happy,True,False,True,1.999
-0.99986,-0.991479914799148,0.68956,-0.71234,-0.9997,-0.9862,fearful,happy,fearful,True,False,True,1.4019
0.99864,-1.0,-0.99886,-0.99978,-1.0,-1.0,angry,fearful,angry,True,False,True,1.9975
-0.25642,0.033370333703337085,-0.94878,-0.87026,-0.958,-0.9999,disgust,angry,fearful,False,False,False,0.28979033370333707
-1.0,-1.0,1.0,-1.0,-1.0,-1.0,fearful,sad,fearful,True,False,True,2.0
-0.99936,-0.998539985399854,-0.99988,0.99776,-1.0,-1.0,happy,disgust,happy,True,False,True,1.996299985399854
-1.0,0.09009090090900895,-0.99926,-0.99998,-0.77708,-0.31376000000000004,disgust,sad,happy,False,False,False,0.403850900909009
-1.0,-0.999219992199922,-0.89066,-0.99984,-0.7726,0.66232,sad,neutral,sad,True,False,True,1.43492
-0.99894,-0.999919999199992,-0.99416,-0.93804,0.9308799999999999,-0.99982,neutral,happy,neutral,True,False,True,1.86892
-1.0,-0.999979999799998,-1.0,-1.0,0.9595400000000001,-0.95954,neutral,sad,neutral,True,False,True,1.9190800000000001
0.8772,-0.997379973799738,-0.9977,-0.88212,-1.0,-1.0,angry,happy,angry,True,False,True,1.75932
-0.99998,-0.984579845798458,-1.0,-1.0,-1.0,0.9845600000000001,sad,disgust,sad,True,False,True,1.9691398457984581
-0.99988,-0.984639846398464,-0.96388,-0.91598,0.3994,-0.53502,neutral,sad,sad,False,True,True,0.93442
-0.97794,0.7924379243792437,-0.97128,-0.99034,-1.0,-0.85286,disgust,sad,happy,False,False,False,1.6452979243792436
0.29308,-0.2930729307293073,-1.0,-1.0,-1.0,-1.0,angry,disgust,angry,True,False,True,0.5861529307293073
-0.99996,-0.998959989599896,-0.91462,-0.99848,-0.9979,0.9098999999999999,sad,fearful,sad,True,False,True,1.82452
-0.99726,0.9972599725997258,-1.0,-0.99998,-1.0,-1.0,disgust,angry,disgust,True,False,True,1.9945199725997258
-1.0,-0.999939999399994,0.9805999999999999,-0.9814,-1.0,-0.99924,fearful,happy,fearful,True,False,True,1.962
-1.0,-0.999719997199972,-0.9998,-0.99854,0.91808,-0.92004,neutral,sad,neutral,True,False,True,1.83812
-0.99632,0.9871998719987198,-0.99928,-0.99946,-0.99222,-0.99992,disgust,neutral,disgust,True,False,True,1.97941987199872
0.97048,-0.999079990799908,-0.99994,-0.97228,-0.99956,-0.99962,angry,happy,angry,True,False,True,1.94276
